{
    "prune_ratios": [
        0.0,
        0.2,
        0.4,
        0.6,
        0.8,
        0.9,
        0.95,
        0.99
    ],
    "actual_sparsities": [
        0.0,
        0.4345203525889216,
        0.4345203525889216,
        0.5999996773527438,
        0.7999990320582314,
        0.8999987094109752,
        0.9499993547054876,
        0.9899995482938413
    ],
    "baseline_accs": [
        75.9,
        75.86,
        75.86,
        75.92,
        69.33,
        52.08,
        30.98,
        8.97
    ],
    "hybrid_accs": [
        75.96449999999999,
        76.8325,
        77.6725,
        77.3485,
        74.1065,
        60.071000000000005,
        43.148500000000006,
        18.029000000000003
    ],
    "theoretical_speedups": [
        1.0,
        1.768410241780187,
        1.768410241780187,
        2.4999979834562756,
        4.999975801572899,
        9.999870942763113,
        19.999741885526227,
        99.99548314244215
    ]
}